{
  "project_info": {
    "project_number": "880756888805",
    "firebase_url": "https://adminapp-8e3bd.firebaseio.com",
    "project_id": "adminapp-8e3bd",
    "storage_bucket": "adminapp-8e3bd.appspot.com"
  },
  "client": [
    {
      "client_info": {
        "mobilesdk_app_id": "1:880756888805:android:f6c0baea133c493e81700c",
        "android_client_info": {
          "package_name": "com.iamsinghx.adminapp"
        }
      },
      "oauth_client": [
        {
          "client_id": "880756888805-3bc4nr6quskum7usvnhufdkk46rhotrt.apps.googleusercontent.com",
          "client_type": 1,
          "android_info": {
            "package_name": "com.iamsinghx.adminapp",
            "certificate_hash": "8a94422f042662926a69acc44b687b11870c2b74"
          }
        },
        {
          "client_id": "880756888805-kn2oq38h3rn4c9ivfsn33qjgbl5j34i7.apps.googleusercontent.com",
          "client_type": 3
        }
      ],
      "api_key": [
        {
          "current_key": "AIzaSyARVjljC5lY6gyaR8mp_9HyEL2ulQH2Sko"
        }
      ],
      "services": {
        "appinvite_service": {
          "other_platform_oauth_client": [
            {
              "client_id": "880756888805-kn2oq38h3rn4c9ivfsn33qjgbl5j34i7.apps.googleusercontent.com",
              "client_type": 3
            }
          ]
        }
      }
    },
    {
      "client_info": {
        "mobilesdk_app_id": "1:880756888805:android:a440fb1efd4f147c81700c",
        "android_client_info": {
          "package_name": "com.iamsinghx.restorant"
        }
      },
      "oauth_client": [
        {
          "client_id": "880756888805-jau73gcuh2llkq651j3b1jlbml63iv9q.apps.googleusercontent.com",
          "client_type": 1,
          "android_info": {
            "package_name": "com.iamsinghx.restorant",
            "certificate_hash": "8a94422f042662926a69acc44b687b11870c2b74"
          }
        },
        {
          "client_id": "880756888805-kn2oq38h3rn4c9ivfsn33qjgbl5j34i7.apps.googleusercontent.com",
          "client_type": 3
        }
      ],
      "api_key": [
        {
          "current_key": "AIzaSyARVjljC5lY6gyaR8mp_9HyEL2ulQH2Sko"
        }
      ],
      "services": {
        "appinvite_service": {
          "other_platform_oauth_client": [
            {
              "client_id": "880756888805-kn2oq38h3rn4c9ivfsn33qjgbl5j34i7.apps.googleusercontent.com",
              "client_type": 3
            }
          ]
        }
      }
    }
  ],
  "configuration_version": "1"
}